pathway	SL1	SL2	SL3	SL4	SL5	SL6	SL7	SL8	SL9	SL10	SL11	SL12	SL13	SL14	SL15	SL16	SL17	SL18	SL19	SL20	SL21
1CMET2-PWY	11052.0733	10699.1298	10733.121	10738.9031	9756.4337	9122.5648	10170.4365	10484.0989	9330.953	9369.5118	9527.3363	9525.3396	8886.036	10065.8089	9418.704	8671.3209	9018.1114	8666.6345	7923.9697	6177.4219	8742.4145
ANAEROFRUCAT-PWY	5306.2558	5571.6701	5697.6053	5839.6965	5071.2232	4334.6336	5038.2042	3376.6869	2679.2906	2057.2983	1806.856	1945.0352	903.7547	2172.0676	2658.5325	4242.0826	4375.4587	4096.0268	3261.007	2160.6773	3549.2273
ANAGLYCOLYSIS-PWY	9352.5366	10280.8148	10178.2152	10336.2993	7893.1166	7279.2825	8779.1874	9390.0478	8048.0961	8722.6385	8408.0742	8387.4888	7941.669	8280.1571	10226.9334	10766.9215	10757.921	10522.886	10166.8912	10085.1857	10108.3786
ARG+POLYAMINE-SYN	3644.8975	5423.7815	4960.0067	5203.1984	4146.2342	4755.8149	5034.0679	1101.5555	1670.4018	1420.0294	1206.7779	1796.9812	1655.3698	1671.1308	2061.8332	475.0025	495.5273	416.3095	696.4113	628.1795	875.7543
ARGORNPROST-PWY	14.2104	14.2116	23.7555	13.7719	12.8703	23.7442	16.2059	250.3574	238.3201	123.9888	100.5356	158.1767	73.6967	191.6226	777.5345	121.2446	102.9662	61.6278	45.5389	40.3535	42.6485
ARGSYN-PWY	10380.2608	10723.6358	10517.7297	10624.7196	8766.394	8320.1399	9497.406	7671.533	8395.8209	8749.4344	8913.4352	7915.3752	7757.8663	7670.2308	9167.0203	9803.8733	9642.7577	9816.0869	9338.5516	9912.2763	8653.1419
ARGSYNBSUB-PWY	10273.9307	10746.5452	10482.5763	10605.6227	8728.7997	8269.5773	9429.5159	6933.6895	8121.4903	8460.1647	8559.9182	7497.0192	7402.8736	7149.4075	8583.0458	9291.3799	9085.1234	9318.7431	8891.1968	9665.5739	8059.1634
ARO-PWY	11010.3331	11174.6395	11112.5901	11220.1719	9344.645	8772.0646	10164.3232	8668.2396	8886.1216	9207.8154	9633.2084	8814.6303	8567.5911	8740.7216	9950.2557	10746.0957	10712.209	10752.5392	10049.0098	10167.6308	9739.754
ASPASN-PWY	4.9966	17.5831	21.9045	23.8856	43.4174	82.7396	29.2257	0.0	0.0	0.0	0.0	0.0	0.0	0.0	0.0	0.0	0.0	0.0	0.0	0.0	0.0
AST-PWY	147.1319	183.1283	206.633	148.524	1006.7278	1073.2668	601.6406	579.3755	627.2751	420.0809	334.6689	461.3498	160.8096	618.8616	892.3266	1278.555	1305.5085	1378.9552	1019.3099	705.1108	1053.3429
BIOTIN-BIOSYNTHESIS-PWY	2985.8076	4205.5503	4305.0313	4530.8534	4573.9767	5150.1955	5104.3302	3512.7748	2414.4562	1950.3568	1604.3182	1542.7819	775.7467	2006.8237	2782.9991	3392.3859	3764.4401	3145.9476	3034.7237	1787.9868	3969.2533
BRANCHED-CHAIN-AA-SYN-PWY	20469.5848	20746.8204	20543.7431	20539.3986	16527.0171	15308.4262	17847.1491	15641.7607	16614.7716	17447.3345	18551.7691	16985.3888	16807.1875	16151.6266	18975.9109	20592.5929	20455.5337	20867.7333	19530.1214	20256.3419	18433.7221
CALVIN-PWY	11721.171	11976.6301	11818.7129	11869.0016	9810.6583	9139.3637	10508.0213	10669.0481	9836.2407	10279.4115	10566.9981	9700.8353	9357.9926	9602.0495	11435.0691	11823.8698	11833.5205	11832.5843	11188.594	11207.5388	10944.4954
CATECHOL-ORTHO-CLEAVAGE-PWY	624.977	303.7377	426.9376	514.7168	124.1515	21.8896	503.6195	56.348	10.6182	3.9941	5.3277	0.0	4.6562	9.3265	7.3142	0.0	1.3377	0.6594	0.0	0.0	2.6542
CHLOROPHYLL-SYN	948.6991	501.2973	689.096	819.2231	209.0558	37.8743	775.7319	6.9742	2.3427	4.6456	0.0	190.4952	37.0706	49.7645	180.5919	79.5042	133.1694	112.9983	38.9333	21.6854	53.1679
COA-PWY	10519.8358	10521.1569	10443.506	10529.9348	8816.22	8301.0064	9562.5114	9472.93	8946.49	9377.77	9710.11	8919.8	8657.02	8918.42	10286.91	10925.3925	10935.64	10938.8575	10307.61	10307.19	10096.2625
COBALSYN-PWY	8228.9279	9519.4002	9028.8244	9072.0851	6650.3883	6265.677	7272.0742	4077.8617	5944.0169	6240.6085	6353.062	5574.0625	5677.6189	4848.8516	6128.5342	7137.8662	6875.1265	7183.5056	6939.8961	8117.1236	5883.4654
COLANSYN-PWY	6216.1626	7401.5868	7429.5135	7659.6761	5683.4882	5502.3728	6823.6789	2943.5748	1770.0106	1296.6573	1054.0145	1877.1097	781.3633	1302.1049	1684.4126	5177.8012	5086.5706	4302.9022	3391.7708	2020.0402	4307.7602
COMPLETE-ARO-PWY	11654.6904	11800.4611	11731.3689	11842.853	9887.4202	9299.6472	10749.1779	9283.7447	9457.7659	9812.5055	10262.4489	9380.7954	9118.0317	9315.9482	10634.7247	11474.2344	11440.4981	11481.2372	10736.5022	10855.0521	10413.114
CRNFORCAT-PWY	7698.5467	8896.6345	8734.8913	8729.1545	4969.0429	3534.5292	5569.7949	3636.9188	6150.254	6923.8558	7156.6001	5791.5627	6219.8755	3532.7018	7725.1609	10385.1403	9979.4405	10188.4055	9758.7028	11188.1489	8479.2494
DAPLYSINESYN-PWY	11768.4989	11900.6949	11768.689	11793.3454	10078.8727	9497.3658	10650.7219	9913.5712	10255.3344	10774.0478	11208.1186	10214.2556	9977.4005	9977.5711	11766.6882	12787.8692	12752.6047	12789.4241	12030.5244	12091.1986	11664.1655
DENITRIFICATION-PWY	1.3389	0.0	0.0	1.3395	0.0	0.0	0.0	32.2972	31.7724	37.2472	32.348	21.7375	21.8258	45.4705	3.9716	6.3284	1.9634	3.1632	1.9224	1.9057	0.6503
DENOVOPURINE2-PWY	0.0	0.0	0.0	0.0	0.0	0.0	0.0	2329.876	4064.3204	3857.6121	3402.5106	4472.4838	4552.4421	3567.2333	0.0	0.0	5.0581	1.2649	1.2649	0.0	0.0
DTDPRHAMSYN-PWY	10275.5856	10365.9783	10269.4691	10329.5271	8693.777	8223.3014	9333.4413	10848.4308	9039.887	9605.6502	9758.2799	9988.0149	9402.913	10317.5703	11601.9342	12293.5314	12397.8586	12062.1234	11444.1426	10868.7873	11635.38
FAO-PWY	11134.5961	13860.6723	13334.4774	13719.1589	11553.1708	10677.6782	12386.9692	12121.0331	9136.7387	8884.0086	7446.7495	6558.4541	5203.8213	7443.4999	9551.6614	9938.9599	10249.0872	8782.2003	8311.057	5653.5672	10218.331
FASYN-ELONG-PWY	23683.6313	24722.0254	24226.4601	24456.7028	18963.8522	17329.015	20868.5185	18026.268	19483.9825	20292.4934	20876.5468	18645.1298	18439.0682	17610.6625	21089.0324	22505.3921	22320.0589	22713.6118	21580.5674	22773.8715	20162.4254
FASYN-INITIAL-PWY	11334.5406	11104.2252	10961.8668	10915.1951	9233.9006	8446.0969	9576.5765	8168.5591	9882.2159	10125.1235	10829.0866	9946.9291	9790.2782	9642.903	10819.4732	11383.4584	11267.3594	11653.3881	10863.6115	11420.8201	9930.0543
FERMENTATION-PWY	721.5889	767.2926	781.2027	686.6702	2583.9545	2759.7541	1776.7943	2992.4488	2623.9177	2430.8446	1890.8918	1907.6479	1595.6425	1965.4297	415.4386	75.8733	55.8763	125.4422	108.6931	81.1861	315.592
FOLSYN-PWY	8870.6597	8363.2386	8316.2833	8266.6249	7836.8708	7267.0914	8021.4381	7389.4835	6923.977	6920.5356	6636.2868	7445.6573	6925.6093	8079.1095	5382.7588	2925.8374	2874.3085	2925.4682	2867.6684	2622.2768	3119.3821
GALACT-GLUCUROCAT-PWY	0.0	0.0	0.0	0.0	0.0	0.0	0.0	863.8263	1738.7051	1667.1752	1448.327	1857.2121	1969.8811	1247.2619	0.0	0.0	1.9796	0.495	0.495	0.0	0.0
GALACTARDEG-PWY	596.0164	297.4907	417.125	500.835	122.4305	21.7423	480.3086	3.9848	1.3372	2.6461	0.0	98.2483	20.3508	27.3873	113.8265	47.5469	81.9563	66.8224	21.1957	12.5682	33.7277
GALACTUROCAT-PWY	5007.5124	5660.6086	5647.0563	5627.681	3699.8708	3054.7419	3789.985	3259.0014	4717.8571	5335.317	5491.4354	4106.5555	4377.0382	2586.4163	6318.8245	7357.404	7133.7022	7438.753	7227.689	8237.0843	6251.3467
GALLATE-DEGRADATION-I-PWY	0.67	0.0	0.0	0.0	0.0	0.0	0.0	0.0	0.0	0.0	0.0	0.0	0.0	0.0	1.33	1.33	0.67	1.33	1.0	0.0	0.33
GALLATE-DEGRADATION-II-PWY	0.67	0.0	0.0	0.0	0.0	0.0	0.0	0.0	0.0	0.0	0.0	0.0	0.0	0.0	1.33	1.33	0.67	1.33	1.0	0.0	0.33
GLCMANNANAUT-PWY	522.6946	252.7412	356.4738	427.3489	102.3486	18.8893	393.5893	0.0	0.0	0.0	0.0	0.0	0.0	0.0	0.0	0.0	0.0	0.0	0.0	0.0	0.0
GLUCARGALACTSUPER-PWY	596.0164	297.4907	417.125	500.835	122.4305	21.7423	480.3086	3.9848	1.3372	2.6461	0.0	98.2483	20.3508	27.3873	113.8265	47.5469	81.9563	66.8224	21.1957	12.5682	33.7277
GLUCONEO-PWY	13168.0853	13255.1471	13026.8888	13055.7463	10849.5859	10100.3316	11626.3662	10815.0032	10395.0364	10856.195	11190.5671	10577.572	10262.0588	10448.1406	12226.3062	12467.3255	12477.7798	12498.8744	11844.5724	11853.7111	11557.9934
GLUCOSE1PMETAB-PWY	271.4414	314.3957	333.4403	267.0149	1079.3732	1293.0566	625.1877	1004.2291	804.9121	566.7506	451.5288	323.6485	141.5945	588.2162	654.3277	71.0483	56.9115	44.4495	60.82	32.3292	116.3655
GLUCUROCAT-PWY	4213.8175	4963.6971	4959.4147	4901.3321	3228.6742	2655.0485	3127.8999	3153.7033	4813.4	5394.8048	5508.0574	4278.1319	4592.8101	2690.1795	5943.029	7195.9012	6950.9835	7267.4741	7017.4638	8077.0563	5999.5448
GLUTORN-PWY	11073.3844	11312.6879	11118.8805	11168.2728	9484.5166	8963.1439	10078.4582	9708.6681	9379.3749	9894.1773	10284.1519	9365.7982	9140.4132	9145.3244	11114.9299	12134.057	12114.9714	12065.7499	11363.8846	11370.5512	11123.6717
GLYCOCAT-PWY	3615.5666	4738.8555	4763.5628	4893.3667	3893.1192	4107.3301	4281.7725	2466.8248	2016.6208	1751.4856	1482.1202	1175.5208	658.1544	1362.3197	2183.0248	2850.1678	2791.4121	2222.2957	1784.1046	1170.6553	2383.8873
GLYCOGENSYNTH-PWY	4917.7413	6075.6579	6163.764	6320.0789	4390.7142	4313.6548	5047.6748	4769.0872	5296.8989	6047.8013	5969.8286	4311.3634	4349.3329	3210.2811	7301.3677	9538.3271	9311.5073	9136.2108	8642.7165	9055.9653	8230.186
GLYCOLYSIS	8606.014	8448.8307	8680.9722	8758.8121	7528.0231	6870.966	8085.9851	7794.8499	8175.5848	8303.8411	8505.1359	7948.1121	7747.0103	7769.4671	5566.237	6884.7783	6853.4427	7005.9186	5507.6781	5343.1854	6153.7144
GLYCOLYSIS-E-D	8833.1689	8566.1612	8699.6244	8729.432	7455.362	6745.4434	7885.0539	6379.7766	7571.5119	7844.3499	8295.0803	7847.0765	7713.3013	7588.2831	6066.4191	7350.5131	7281.0742	7515.4725	6147.5107	6135.6309	6478.4333
GLYCOLYSIS-TCA-GLYOX-BYPASS	6322.8886	6781.1876	6868.7276	6924.2256	6148.8417	5307.0427	6139.6927	4100.7045	3396.6195	2651.4436	2370.0946	2505.4999	1208.0695	2795.0878	3531.9197	5247.6699	5382.9401	5081.3746	4119.7864	2815.6555	4443.7889
GLYOXYLATE-BYPASS	10686.8606	11135.2573	10876.5541	10936.8857	9215.8922	8697.2204	9822.8078	6505.6332	8537.5233	8766.621	9438.3924	8804.49	8778.0956	8454.1886	8535.9449	9351.7921	9217.2179	9637.858	8954.3381	9644.5469	8099.8908
HEME-BIOSYNTHESIS-II	9748.8822	9546.9258	9393.2114	9349.0748	8027.4309	7310.248	8248.6997	9472.43	8946.155	9377.77	9710.11	8919.8	8657.02	8918.42	10286.91	10925.475	10935.475	10939.025	10307.61	10307.19	10096.345
HEMESYN2-PWY	11819.1578	11931.9506	11805.9401	11875.9582	10024.5488	9473.9157	10763.5871	10834.6558	10233.4384	10731.7041	11107.524	10303.9535	9988.6237	10344.1876	11756.5771	12486.2277	12497.9559	12501.853	11780.1527	11779.6457	11538.515
HISDEG-PWY	3399.8937	2695.7894	3036.0815	3054.457	3320.0543	2801.3101	3302.7799	6290.8869	4292.538	4137.6806	4335.0164	4471.3362	4079.7455	4770.7929	4105.1498	3907.6325	4227.9857	3900.0469	3473.7416	2259.9748	4304.8996
HISTSYN-PWY	10490.9407	10921.6238	10667.8709	10756.5129	8939.3743	8448.9821	9560.0821	9730.1771	8954.4556	9494.3838	9448.4113	8632.1046	8300.1109	8577.0595	10597.8693	11214.4258	11186.1473	11087.6328	10612.848	10701.4002	10383.8528
HOMOSER-METSYN-PWY	10250.7054	9742.3236	9567.4875	9448.1169	7744.0303	6670.6059	7949.9163	3659.941	5597.2868	6322.103	6739.64	6910.9683	7001.2844	6196.2866	7424.4203	8916.0046	8566.1989	8961.0145	8681.6323	10159.5185	7344.1653
HSERMETANA-PWY	6757.1982	7443.4283	7384.4322	7337.0219	7054.8088	7424.3746	7945.4689	9771.5619	7685.0243	7712.5285	7699.5111	6648.437	6119.7143	7350.7865	8897.0551	10263.2712	9999.4932	10158.6715	9883.4119	10894.7576	8832.6492
ILEUSYN-PWY	24613.0817	26129.455	25433.4917	25467.7734	19386.5364	17265.1034	20873.6951	17169.6371	18453.6053	19709.0859	20330.881	18833.3321	18530.0969	17558.9976	21780.0471	23707.4695	23366.2508	23792.9436	22578.4694	24061.245	20971.5264
KETOGLUCONMET-PWY	0.0	0.0	0.0	1.3398	0.0	0.0	0.0	29.8909	35.2523	46.5289	43.2333	93.2459	82.1375	94.608	0.0	0.0	0.0	0.0	0.0	0.0	0.0
LEU-DEG2-PWY	11764.1924	11887.7499	11635.5754	11624.7514	10263.3458	9942.6398	10741.9599	10015.6648	10481.6933	10954.6169	11621.7298	10750.2822	10667.4847	10455.678	12134.9851	12159.7031	12160.8099	12554.2631	11996.7262	12553.592	11154.1473
LIPASYN-PWY	0.0	0.0	0.0	0.0	0.0	0.0	0.0	2.4149	0.0	0.0	0.0	0.0	0.818	3.2655	0.0	0.0	0.0	0.0	0.0	0.0	0.0
MET-SAM-PWY	9758.952	9571.4296	9461.0641	9410.9047	7891.4692	7104.6444	8173.7175	5045.1953	6602.1509	7244.1557	7674.3589	7637.7565	7559.4285	7147.0081	8372.0912	9811.4664	9592.539	9760.0912	9296.2047	9936.6037	8459.3791
METHYLGALLATE-DEGRADATION-PWY	0.8372	0.0	0.0	0.0	0.0	0.0	0.0	0.0	0.0	0.0	0.0	0.0	0.0	0.0	1.6621	1.6622	0.8374	1.662	1.2497	0.0	0.4125
NAD-BIOSYNTHESIS-II	0.0	0.0	0.0	0.0	84.3145	29.2953	63.1583	0.0	0.0	0.0	0.0	142.3542	17.3255	301.2996	0.0	0.0	0.0	0.0	29.3008	4.6591	61.1462
NADSYN-PWY	2.6779	3.9954	6.669	0.0	0.0	5.3528	0.0	117.131	23.8525	7.9847	10.6499	35.7005	9.295	18.6131	14.6355	0.0	3.9967	1.3196	0.0	0.0	5.3145
NAGLIPASYN-PWY	10278.484	10367.28	10271.894	10329.56	8691.5	8218.448	9333.42	9740.6497	8724.5206	9109.7687	9456.2362	8891.7138	8640.6739	8854.6892	10425.9021	9452.1375	9544.1172	9878.3141	9554.2614	9831.1103	9009.3281
NONMEVIPP-PWY	10617.0825	10806.6703	10663.134	10732.0208	8994.8448	8497.281	9674.69	9584.4785	9070.0744	9496.0284	9810.6466	9186.495	8895.7055	9221.4429	10364.8739	10949.289	10963.6929	10963.799	10343.6177	10340.4898	10140.74
NONOXIPENT-PWY	13112.215	13621.4989	13476.9755	13555.714	10763.1831	9682.4433	11588.072	12124.7374	10930.6106	11650.5748	11907.2181	10768.8805	10406.4112	10477.0609	13294.5108	13846.6574	13865.2022	13878.6568	13245.9624	13375.9122	12875.6429
OANTIGEN-PWY	9808.9459	9575.2549	9459.1499	9461.8936	8149.7172	7665.6555	8583.1913	7298.3685	8515.5418	8806.0838	9359.753	8674.5453	8553.6987	8471.5556	9090.449	9978.536	9870.922	10165.7213	9453.8817	9885.007	8736.4198
P101-PWY	179.8868	196.582	218.5715	196.0976	191.8823	337.7503	178.5509	1235.6497	714.7521	682.3861	571.4925	2607.2874	2078.9836	3548.0497	527.9527	58.3691	46.6029	31.2518	45.8654	23.2778	70.5923
P105-PWY	11201.544	10989.3169	11103.9991	11187.4356	9926.9036	9124.3139	10466.1841	9136.0792	9722.9796	9691.0022	10345.2017	9354.3731	9079.6186	9562.4253	8154.4269	8053.7077	8259.1716	8937.8314	7349.5209	7174.8254	7025.6217
P108-PWY	11854.4655	12070.2592	11947.4338	12036.2289	10085.9806	9371.0723	10878.7267	11204.1246	10310.4578	10887.3807	11234.0501	10569.4689	10231.314	10508.896	11952.1884	12787.7848	12855.6839	12775.1097	12038.3764	11797.9905	11935.2025
P122-PWY	49.3237	49.3718	82.123	47.8509	44.4761	81.2414	55.7947	904.3853	804.7762	443.3844	361.9848	402.5511	234.1148	587.5314	351.1239	62.5216	47.6648	102.7093	69.6119	40.2323	81.8724
P124-PWY	3961.7531	4755.892	4662.9367	4561.9473	2203.7426	2271.7284	2154.57	4261.252	5745.7581	6516.6119	6616.401	5201.1718	5494.6908	3671.3343	7936.6206	9052.2822	8862.1091	8965.5318	8666.7952	9305.4561	7907.4808
P161-PWY	14.2157	14.2158	23.7683	13.7761	12.8757	23.7634	16.2138	319.6112	260.4981	135.0301	108.8084	122.8847	69.3951	190.6245	632.2562	62.1116	53.9166	31.972	23.1038	20.6483	24.2
P164-PWY	5.3579	7.9959	13.3482	0.0	0.0	10.7093	0.0	7950.9264	5785.0414	6876.4856	5104.4731	5445.5954	4377.9944	5776.575	9370.0611	6713.6004	7451.5138	6739.4713	7664.2441	5548.3505	8422.1113
P221-PWY	16158.3377	16996.9045	15744.7892	15591.6001	11906.1599	10218.1344	12350.6695	5341.6919	6876.8688	7669.2104	7807.9287	9426.6993	9020.7438	9385.7211	10588.0598	10302.6712	10034.3003	10204.9956	9947.6118	10774.2639	8999.8092
P23-PWY	63.3404	54.1928	98.6569	71.1042	81.698	211.6211	100.2037	846.2141	769.6601	422.1444	337.9943	747.0335	288.8404	682.6201	3036.9489	5961.7574	5971.5811	4836.3664	4133.5839	2438.1993	5379.5655
P261-PWY	0.0	0.0	0.0	0.0	0.0	0.0	0.0	13.9417	1.3384	2.6523	0.0	115.7621	20.4451	29.6955	397.4985	204.936	250.267	204.1374	237.7041	105.9106	217.3905
P4-PWY	10286.5753	10254.0856	10251.3235	10291.517	8841.0095	8217.7347	9355.4715	6626.9671	8141.6987	8252.7144	9129.1835	8292.6927	8202.0848	7996.6348	8119.015	9852.0575	9861.3741	10069.2144	8675.1911	8029.1584	8586.4187
P42-PWY	5796.524	7094.3387	7172.4412	7619.1752	6096.7145	6272.3265	7486.0284	6850.3421	5094.5806	6058.4199	4498.6308	5360.4594	4079.3229	6211.324	9157.18	9046.0604	9295.9589	8397.8395	8374.4954	6207.814	8788.8483
P562-PWY	6904.0	7514.34	7037.34	6942.66	4755.34	3938.33	4911.0	2554.4966	4097.67	4651.34	4863.01	3667.66	3990.055	2169.2116	5754.66	6813.0	6530.11	6835.9466	6656.5617	7832.7717	5603.67
P621-PWY	0.0	0.0	3.1188	1.3198	0.8799	5.3139	1.3197	0.0	0.0	0.0	0.0	0.0	0.0	0.0	0.0	0.0	0.0	0.0	0.0	0.0	0.0
PANTO-PWY	9341.2078	9167.6908	9030.5638	9067.1444	8035.6991	7882.867	8552.2982	9289.4996	8840.482	9304.6532	9635.8304	8813.8427	8614.7508	8844.1761	10241.0921	10907.3001	10904.8612	10913.6684	10299.773	10301.9391	10084.4229
PANTOSYN-PWY	9197.7978	9350.9621	9118.8506	9113.3488	7777.0919	7240.4896	8004.4095	7902.1888	7067.2244	7619.9759	7883.9856	7325.6048	7229.5407	6993.7142	8885.4822	9596.7932	9480.2652	9612.5964	9188.9707	9632.3848	8591.2113
PENTOSE-P-PWY	7151.6273	7694.3886	7726.1761	7739.1837	5449.5339	4618.999	5627.6923	4814.8934	6847.7382	7475.8839	7933.4319	6687.2541	6902.2993	4983.7927	8278.1406	10456.7176	10243.4735	10403.7411	9718.0296	10421.0219	8949.8649
PEPTIDOGLYCANSYN-PWY	10374.7421	10461.8053	10346.3388	10410.916	8820.3888	8318.8051	9456.1694	9568.8404	9083.1535	9528.4845	9832.6882	9017.5492	8751.8661	9029.2628	10303.7332	10955.7684	10963.0731	10972.0925	10337.6666	10345.3494	10125.9585
PHOSLIPSYN-PWY	13283.9951	13273.4502	12868.3278	12896.848	10679.0008	10057.0883	11239.3377	11251.2604	10986.0277	11652.617	12553.0958	11625.4841	11560.3894	10966.2608	12832.3443	15535.9623	15327.3759	15363.8695	14226.4173	14660.5445	13609.9221
POLYAMINSYN3-PWY	2026.6349	1973.9436	2243.6711	2341.8406	2284.4685	2429.3382	2793.4255	562.9166	898.5033	748.442	639.2626	986.1224	904.5764	918.4964	1067.084	240.1697	250.8543	210.7626	352.8771	316.51	446.3152
POLYAMSYN-PWY	2215.314	3637.0424	3254.0871	3455.6904	2716.3518	3337.3393	3436.7528	594.8838	928.7089	773.2603	647.5283	1015.2752	926.994	941.3145	1164.1892	243.4077	254.3073	212.6681	361.7208	324.3761	461.3442
POLYISOPRENSYN-PWY	11305.027	11787.6998	11542.8416	11636.0632	9549.754	8986.5443	10335.4113	9766.6936	9333.799	9752.1984	10027.238	9917.0944	9547.5694	10057.4708	10601.4867	11062.3217	11073.2708	11076.1712	10448.2252	10430.5263	10269.7328
PPGPPMET-PWY	10271.7392	10095.95	9916.264	9865.544	8186.5189	7507.9191	8597.3025	5717.3437	7851.2232	8353.1245	9297.2496	9010.6099	8950.8563	8550.3892	9319.4304	11250.5469	11117.4577	11240.3588	10430.9742	10824.0046	9848.803
PROTOCATECHUATE-ORTHO-CLEAVAGE-PWY	9447.9582	10167.824	9505.9809	9387.7226	6543.0759	5413.3518	6786.0454	3298.7193	5162.8769	5791.02	5961.4393	5377.9622	5664.2464	3703.7592	6986.1439	7921.3626	7604.3397	7945.3974	7749.4199	9065.671	6567.4312
PRPP-PWY	0.0	0.0	0.0	0.0	0.0	0.0	0.0	2860.0089	4424.6176	4251.6688	3808.7202	5185.5408	5186.2251	4324.5049	0.0	0.0	7.4712	1.8694	1.8694	0.0	0.0
PWY-1269	10278.35	10367.08	10271.81	10329.56	8691.5	8218.18	9333.5875	9124.9373	8536.8916	8883.4627	9313.7034	8988.1573	8765.3812	8991.6135	9954.91	9222.805	9273.7225	9645.7775	9266.94	9654.86	8649.015
PWY-1541	872.0983	792.7446	752.0526	718.0777	1236.2662	1040.2465	956.9377	1699.8829	1726.0065	1497.8518	1377.1109	840.5202	967.3261	958.8406	1213.3741	373.8194	456.0302	405.7183	243.5477	185.1413	282.1946
PWY-1622	0.0	0.0	9.9875	0.0	0.0	0.0	6.6938	882.1391	972.6874	1466.761	1114.4479	4406.7849	3433.985	5238.0704	955.2977	2984.6946	3039.0494	2901.2633	2187.2035	1491.9852	2576.0037
PWY-181	664.9874	878.8183	962.1599	751.6167	3134.7709	3398.2685	2045.3876	2138.9752	2117.4908	1554.6254	1251.9063	1146.4413	489.3979	1829.5897	2179.9606	279.5792	226.5443	180.6913	240.4562	132.1404	474.5181
PWY-1861	4047.2586	4849.9219	4905.5266	4973.4694	3032.951	2093.2921	3489.1118	2078.4835	1252.9026	1093.7743	963.2379	642.9871	329.8129	558.2516	242.9402	103.371	162.4417	134.9113	42.5672	29.2666	62.4337
PWY-2942	11865.6303	11856.983	11785.3868	11826.8335	10120.3551	9543.9322	10766.597	11161.947	10580.897	11116.1038	11493.3934	10642.3563	10315.9729	10592.591	12182.4143	13239.1269	13242.5012	13176.4793	12379.3005	12232.443	12202.8065
PWY-3001	13418.4103	13403.9808	13342.405	13386.813	11249.5346	10581.8553	12048.3916	12364.0434	11803.5834	12407.5313	12944.2056	12035.8386	11684.7359	11848.4454	13927.0114	15381.4759	15370.6603	15265.7351	14280.3688	14100.0999	14086.6141
PWY-3661	276.9457	93.9332	65.7264	96.4075	444.1384	204.925	287.0239	7009.2118	3679.035	4252.6214	2993.5365	4004.8105	3290.598	4280.6174	6282.4386	5845.3936	6205.0092	5128.6594	5317.2679	3222.4622	6690.2131
PWY-3781	31902.6416	32318.3617	32007.7138	32218.4998	26701.6781	24956.8995	28790.7078	27471.7229	27387.9344	28805.7858	30002.4249	27465.5989	26814.1235	27092.1651	31388.6236	34222.1816	34139.8089	34239.2463	32179.8257	32543.1464	31204.53
PWY-4984	8412.9449	8939.4584	8559.8096	8547.0077	6429.0713	5643.0967	6758.979	4267.0211	5886.8262	6479.1554	6644.4643	6344.2354	6376.783	5621.3813	7145.3264	8094.2648	7860.6367	8122.6283	7809.7226	8720.704	6880.6322
PWY-5022	0.0	0.0	23.7192	13.7601	12.8625	23.7199	16.1948	297.047	252.0217	126.6011	112.2913	128.1732	80.5491	192.4164	0.0	0.0	197.8157	221.5449	75.8583	45.6732	0.0
PWY-5028	3532.3365	2886.0889	3124.6009	3129.4082	3242.6172	2786.5431	3243.2352	1136.7821	1418.0472	1263.6282	1127.897	2527.003	2200.3292	3182.8559	1565.2869	457.269	518.9325	451.4604	685.4126	551.4042	800.1638
PWY-5097	11622.4339	11632.0012	11553.1994	11598.465	9905.1729	9343.0647	10552.2766	10884.6992	10311.7788	10829.3315	11199.5614	10356.6374	10041.0896	10315.946	11869.9568	12850.3398	12855.1054	12802.3301	12033.7822	11914.5171	11849.5941
PWY-5100	2680.7294	2907.9818	3002.1672	3095.5404	1734.6269	985.6169	2228.9994	456.7023	283.9957	205.6382	207.6895	301.5369	137.1678	218.2914	1036.5564	2567.8426	2507.4832	1956.0464	1586.8421	885.7041	2125.0703
PWY-5101	24342.2516	25712.4399	25137.2058	25205.2467	19414.0283	17349.0189	20924.6182	17746.6139	18636.2216	19778.7108	20378.6987	19002.9136	18607.6955	17861.5082	21554.6415	23322.182	23069.781	23399.3105	22161.593	23286.2116	20817.8531
PWY-5103	17584.926	17377.264	17416.7513	17376.4942	14311.3872	13352.1628	15442.8421	13909.7774	14651.8934	15263.4425	16569.6428	15284.87	15101.2138	14802.3394	16444.3379	17800.8975	17762.5166	18172.8329	16816.37	17157.7112	16031.151
PWY-5104	13656.8422	15450.6955	14774.8213	14787.369	11447.5781	10681.4085	12128.6157	7704.4132	10358.4193	10791.4181	10993.9507	9678.4262	9820.7942	8472.8738	11275.0869	12434.3528	12048.5502	12493.0085	11987.0483	13664.7403	10408.4178
PWY-5121	9913.8749	10360.8121	10059.5696	10076.6684	7913.8449	7164.7516	8425.5494	9014.0294	7929.8506	8638.6138	8679.9388	8543.6063	8188.7407	8501.7311	10158.9155	10727.6448	10726.6891	10649.0713	10154.3014	10159.0263	9978.6939
PWY-5154	11488.2708	11898.8851	11653.4435	11763.9728	9641.2956	9156.7996	10468.2286	8406.3857	9148.2461	9591.7519	9826.3192	8701.4484	8560.1934	8326.6881	10267.4199	11008.4697	10835.9075	11024.2946	10496.5406	11133.5485	9734.7747
PWY-5180	9.476	9.4762	16.4783	9.4581	8.7686	16.8612	11.0834	205.6068	168.1225	86.304	71.2699	81.5503	46.2406	126.1734	422.7211	42.1433	35.9596	21.7451	15.4055	13.7676	16.4241
PWY-5182	9.476	9.4762	16.4783	9.4581	8.7686	16.8612	11.0834	205.6068	168.1225	86.304	71.2699	81.5503	46.2406	126.1734	422.7211	42.1433	35.9596	21.7451	15.4055	13.7676	16.4241
PWY-5188	3372.4134	4238.9331	4354.5419	4625.4796	4537.7995	5023.7712	5187.3324	8158.0461	4598.4641	4901.8082	3708.1061	4448.3895	3619.5965	5066.3676	6663.8654	5900.7524	6220.1464	5280.5186	5384.977	3456.817	6615.114
PWY-5189	10779.1981	11055.9367	10887.6228	10971.8529	8994.8705	8452.8855	9787.7198	10292.8532	9217.8302	9719.6934	9929.0572	9394.8636	9106.8056	9441.4559	10886.1697	11218.3518	11282.0199	11235.0189	10673.9008	10529.4805	10562.1611
PWY-5304	7.11	7.11	11.89	6.89	6.44	11.89	8.11	127.0	120.56	61.78	50.56	60.67	41.33	90.56	319.11	31.11	26.33	15.67	11.56	10.33	10.78
PWY-5345	8108.9168	7723.038	8073.0665	8286.544	7916.8069	7914.676	8612.6828	10075.2793	8851.1305	8979.7593	9061.8395	8360.204	7883.7798	8821.8663	9334.6191	9221.9876	9455.6096	9151.1785	8438.8174	7043.1438	9002.8303
PWY-5347	10828.2359	10517.3995	10425.9062	10388.9852	8714.4261	7881.8484	9118.9864	6038.402	7639.554	8380.9009	8806.2694	8679.2014	8587.3452	8162.4675	9772.2903	11330.9122	11095.6521	11262.3369	10746.2576	11418.9436	9834.056
PWY-5384	1851.4293	2989.7797	2426.9676	2404.8616	3031.3148	3646.6068	2573.1891	1549.7569	1395.3621	978.8285	792.3757	575.0114	320.8055	903.478	2157.2803	420.9844	424.9193	366.863	575.3808	510.9196	757.5361
PWY-5415	8.8847	8.8848	15.2976	8.802	8.1773	15.5601	10.3262	173.657	154.1403	79.3124	65.0235	76.0895	41.8775	115.9444	395.8249	39.352	33.2983	20.2881	14.4445	12.9085	15.3317
PWY-5419	9.476	9.4762	16.1733	9.3246	8.6773	16.3837	10.9482	221.0906	217.8402	116.2645	95.3515	131.7484	63.2066	167.0791	419.5615	41.4285	35.5471	21.0713	15.454	14.0528	14.9114
PWY-5420	8.2932	8.2933	14.2892	8.2189	7.6346	14.5505	9.642	180.1918	165.7945	86.3949	70.8191	85.8994	46.1645	125.2909	371.0841	36.5829	31.1692	18.7338	13.5044	12.1727	13.6812
PWY-5430	7.8989	7.8989	13.4736	7.7693	7.2321	13.6352	9.1249	160.078	149.0206	77.1708	63.2196	76.3717	40.9651	112.2608	353.797	34.749	29.5404	17.6959	12.8557	11.5544	12.6591
PWY-5484	7245.1593	6770.9031	7132.1122	7187.0483	6507.6355	5848.9262	6888.9959	6379.9282	7437.2398	7302.2352	7657.4702	7008.2884	6915.0639	6824.6842	3728.6243	4899.0646	4867.0531	5056.7902	3686.4502	3549.789	4306.3157
PWY-5505	2689.7534	4187.5581	3360.8879	3388.8994	3254.579	3895.0272	3142.1866	4832.7499	5184.2742	5869.7117	4697.285	6568.4881	5837.1229	6742.6338	7480.8432	4130.7314	4646.1619	4137.9375	4982.608	3619.3473	5986.1552
PWY-5509	2794.0177	3440.03	3446.4352	3507.0349	2823.069	3404.4152	3574.3025	845.9423	645.1231	765.4942	610.4132	2883.4592	2540.9451	3431.3452	163.5471	65.0759	110.676	91.0885	39.8633	17.2404	86.4591
PWY-5529	1611.6402	893.99	1207.2103	1421.4483	378.7192	69.9914	1331.4547	12.9318	4.3488	8.6202	0.0	346.9539	68.5639	91.9758	323.4371	143.1152	234.9021	200.8455	71.2192	39.8945	97.0353
PWY-5531	2772.9517	3550.3753	3469.9547	3536.8259	2120.7462	1380.4512	2472.2683	1182.7838	1508.6047	1469.5134	1226.2223	3811.5418	3395.9239	4357.241	664.6825	734.9553	739.4647	715.2392	714.3948	574.619	896.7787
PWY-5647	0.0	0.0	0.0	0.0	0.0	0.0	0.0	8.1241	0.0	0.0	0.0	13.7299	0.0	1.6546	0.0	0.0	0.0	0.0	0.0	0.0	0.0
PWY-5651	1.6742	2.4988	4.1717	0.0	0.0	3.3479	0.0	74.4273	14.9437	4.9947	6.6621	22.3818	5.8142	11.6499	9.164	0.0	2.4988	0.8248	0.0	0.0	3.3232
PWY-5654	0.0	0.0	0.0	0.0	0.0	0.0	0.0	9.6281	0.0	0.0	0.0	15.8066	0.0	1.9783	0.0	0.0	0.0	0.0	0.0	0.0	0.0
PWY-5655	0.0	0.0	0.0	0.0	0.0	0.0	0.0	17.917	0.0	0.0	0.0	22.8374	0.0	3.671	0.0	0.0	0.0	0.0	0.0	0.0	0.0
PWY-5659	11981.714	11244.8364	11165.9631	11192.4816	9950.4247	9320.8828	10581.5932	9771.9396	9497.8624	9887.325	10344.6337	9471.0421	9246.2455	9471.1945	10686.9627	11221.2428	11236.2118	11305.1217	10578.5639	10559.3503	10332.1234
PWY-5667	15979.7061	16389.1773	16224.9423	16285.3323	13024.7911	12024.4292	14018.0095	13654.0162	15218.9718	16249.4184	17006.5952	14945.2951	15036.6302	13685.0427	17855.1137	20255.2018	19950.7871	20273.4112	19093.6393	20219.3336	17797.3914
PWY-5676	3516.7163	4510.9063	4077.8374	4152.7319	3467.4889	3070.4671	3440.5628	918.365	1675.4555	1551.7944	1332.7018	1933.1779	2025.6097	1373.4571	1801.7315	2053.0641	2114.2926	2044.1931	1797.9974	1175.8401	1804.8389
PWY-5686	12409.6201	12524.9955	12392.0275	12467.3319	10499.3419	9914.0705	11289.4486	11355.3642	10724.588	11245.3942	11646.4552	10702.5708	10387.5071	10700.4294	12343.2033	13110.4182	13122.636	13126.4537	12368.8758	12368.4762	12114.589
PWY-5695	12935.3422	13378.1831	13081.188	13076.8566	10590.5012	9774.3826	11043.0676	11290.035	11713.5545	13220.8435	13110.2661	11872.1932	11995.7485	11005.3293	16573.0288	19727.0145	19328.4508	19252.2658	18683.9703	19936.9045	17375.9541
PWY-5705	107.8515	147.2776	155.725	112.2755	887.9245	986.9502	469.7057	361.5527	344.2998	248.076	182.3244	37.4622	30.4512	54.0561	36.1455	5.0581	4.3985	12.5285	8.5345	5.0584	34.0365
PWY-5741	7384.9937	7632.5371	7152.1557	7302.7707	6607.01	6510.0769	7295.9707	2309.7265	3151.1906	2776.0999	2759.4298	3841.4716	3531.798	4513.938	1708.7871	705.6354	748.5301	739.4116	681.6514	545.9116	774.095
PWY-5747	756.9409	468.537	606.9346	643.9742	1108.6838	1124.661	1013.5759	601.1193	542.0969	351.0015	267.8535	278.0559	112.7555	465.1377	532.6783	60.1486	50.7203	41.179	53.2856	29.1972	105.8233
PWY-5837	0.0	0.0	0.0	0.0	0.0	0.0	0.0	5.829	0.0	0.0	0.0	28.7914	0.0	3.3782	0.0	0.0	0.0	0.0	0.0	0.0	0.0
PWY-5838	0.0	0.0	0.0	0.0	0.0	0.0	0.0	19.9407	0.0	0.0	0.0	95.9836	0.0	11.5526	0.0	0.0	0.0	0.0	0.0	0.0	0.0
PWY-5855	10383.6202	10492.0843	10402.592	10458.4156	8923.6475	8491.0662	9537.1223	6499.928	8495.829	8689.4636	9351.2223	9139.8804	8964.6485	9168.7835	8245.7215	9124.2329	8937.9017	9430.5447	8650.4991	9424.5859	7732.4822
PWY-5856	10383.6202	10492.0843	10402.592	10458.4156	8923.6475	8491.0662	9537.1223	6499.928	8495.829	8689.4636	9351.2223	9139.8804	8964.6485	9168.7835	8245.7215	9124.2329	8937.9017	9430.5447	8650.4991	9424.5859	7732.4822
PWY-5857	10383.6202	10492.0843	10402.592	10458.4156	8923.6475	8491.0662	9537.1223	6499.928	8495.829	8689.4636	9351.2223	9139.8804	8964.6485	9168.7835	8245.7215	9124.2329	8937.9017	9430.5447	8650.4991	9424.5859	7732.4822
PWY-5861	0.0	0.0	0.0	0.0	0.0	0.0	0.0	13.3028	0.0	0.0	0.0	64.2015	0.0	7.7049	0.0	0.0	0.0	0.0	0.0	0.0	0.0
PWY-5863	0.0	0.0	0.0	0.0	0.0	0.0	0.0	6.6606	0.0	0.0	0.0	32.8673	0.0	3.8604	0.0	0.0	0.0	0.0	0.0	0.0	0.0
PWY-5897	0.0	0.0	0.0	0.0	0.0	0.0	0.0	17.4543	0.0	0.0	0.0	84.3102	0.0	10.1123	0.0	0.0	0.0	0.0	0.0	0.0	0.0
PWY-5898	0.0	0.0	0.0	0.0	0.0	0.0	0.0	17.4543	0.0	0.0	0.0	84.3102	0.0	10.1123	0.0	0.0	0.0	0.0	0.0	0.0	0.0
PWY-5899	0.0	0.0	0.0	0.0	0.0	0.0	0.0	17.4543	0.0	0.0	0.0	84.3102	0.0	10.1123	0.0	0.0	0.0	0.0	0.0	0.0	0.0
PWY-5913	1886.3319	3049.4937	2415.6955	2442.6126	2553.6927	3044.1738	2320.2707	8294.2372	4487.4487	5013.4075	3734.4829	5588.0984	4787.7614	6833.5954	6360.8593	5188.563	5492.3261	4573.8853	4717.8059	2982.9534	6066.3337
PWY-5918	2878.0819	1992.7988	2388.1891	2610.6449	2922.1159	2853.1686	3239.4574	7919.377	4144.2318	4532.4013	3332.8982	3848.3108	2800.886	4758.496	6763.5095	6093.1697	6396.6095	5491.7254	5567.5299	3666.8874	6720.3829
PWY-5920	10238.1841	10246.1692	10085.3586	10095.6683	8483.6591	7840.153	8952.5486	8054.9706	8855.8997	9248.5733	9680.6235	9151.1705	8876.2184	9172.4878	9630.9667	10264.3894	10211.5897	10434.6628	9783.2719	10088.1785	9241.1756
PWY-5973	19928.283	20093.9823	20160.5322	20528.2712	15450.0622	13541.6194	17640.5035	14635.0852	14592.138	15072.9733	15478.8235	14290.3563	13868.1059	13760.9028	15628.0275	16453.5549	16457.7158	16563.1737	15618.2052	15904.468	15048.4406
PWY-5989	16119.7127	16038.8443	15722.2858	15633.1395	12927.9861	11650.6052	13377.0374	9801.5223	13007.5594	13048.7652	14070.9677	12731.1074	12712.7614	11993.009	13102.339	13673.4606	13491.5317	14048.8932	13077.607	14044.7973	11794.7782
PWY-6107	0.0	0.0	0.0	0.0	0.0	0.0	0.0	353.2505	769.303	704.1906	587.6059	905.2578	950.6327	643.4067	0.0	0.0	0.66	0.165	0.165	0.0	0.0
PWY-6121	11974.6986	12086.2771	11950.69	12022.4472	10185.5123	9599.2365	10920.0422	11110.9386	10728.861	11188.159	11551.9314	10704.2275	10359.1825	10888.1248	11891.8748	12633.208	12639.2502	12654.7107	11895.6594	11923.4073	11637.7363
PWY-6122	12393.9186	12511.549	12374.4968	12449.6415	10488.4048	9889.6454	11272.1345	11133.1608	10686.2616	11223.702	11637.9144	11098.4801	10748.662	11222.1708	12183.8411	13054.4247	13056.4112	13071.1366	12297.5189	12327.9782	12017.0957
PWY-6123	10349.68	10443.08	10332.02	10394.3967	8784.5367	8295.7316	9426.475	9475.4267	8949.4302	9381.6503	9713.715	8927.5991	8663.881	8926.3843	10286.91	10925.31	10935.64	10938.69	10307.61	10307.19	10096.18
PWY-6125	11918.6094	12058.9254	11915.008	11987.3972	10140.6561	9627.8222	10892.0482	10698.7938	10329.1191	10806.059	11218.5168	10245.9062	9979.1799	10205.1175	11804.2539	12552.6362	12548.5148	12585.3425	11857.2802	11930.2627	11542.698
PWY-6126	13177.5093	13222.6097	13053.1252	13130.5223	11143.6974	10535.4125	11975.8453	11371.9374	10864.5653	11346.1617	11797.636	10803.4792	10498.9077	10802.9525	12493.1896	13211.445	13225.5742	13234.1864	12461.1341	12452.0195	12209.2702
PWY-6147	10207.9243	10405.2776	10262.4788	10291.4695	8895.5914	8471.8108	9368.1856	9610.9254	9051.57	9450.9464	9768.1613	8974.6499	8678.0522	8997.817	10432.3785	11285.1942	11288.2307	11206.3544	10524.2893	10422.8507	10409.0262
PWY-6151	3289.904	4256.957	4342.7605	4369.1012	3171.5478	2862.1679	3068.0288	1507.7511	1392.7306	1199.0799	946.4126	2429.3756	2109.0393	2513.0563	226.9931	63.592	95.9383	106.2673	46.8201	27.7957	133.1285
PWY-6163	10968.8415	11103.1329	11029.3968	11120.1648	9175.109	8511.408	9956.8192	9596.053	9028.7526	9431.8906	9762.3918	8994.0521	8691.3297	8981.9531	10374.0629	10941.7809	10957.4083	10955.9369	10314.387	10311.9204	10105.1308
PWY-621	2520.0517	3216.2499	3174.1874	3082.86	1277.5242	1298.4264	1213.4918	2828.6286	5670.242	6498.9776	6865.2104	5276.7509	5921.8186	3270.4181	6839.7208	9243.3607	8852.672	9273.1017	8873.5553	10443.1184	7440.8255
PWY-6210	0.0	0.0	0.0	0.0	0.0	0.0	0.0	9.6281	0.0	0.0	0.0	15.8066	0.0	1.9783	0.0	0.0	0.0	0.0	0.0	0.0	0.0
PWY-6269	1971.8362	3294.2201	3265.0875	3463.5149	2790.1482	3374.8757	3537.8096	832.0935	632.699	751.0436	598.4463	2860.529	2515.671	3423.1438	11.5598	5.3309	3.5455	2.6394	38.9836	8.874	84.5725
PWY-6277	12393.9186	12511.549	12374.4968	12449.6415	10488.4048	9889.6454	11272.1345	11133.1608	10686.2616	11223.702	11637.9144	11098.4801	10748.662	11222.1708	12183.8411	13054.4247	13056.4112	13071.1366	12297.5189	12327.9782	12017.0957
PWY-6282	16033.4127	15868.9546	15597.7553	15502.3459	12743.9025	11477.9657	13207.286	9798.136	13230.8733	13353.1112	14602.6555	12980.4047	13066.7946	12120.0856	13578.4118	14535.5122	14268.3176	15033.706	13936.8769	15373.9814	12306.4828
PWY-6317	210.3521	244.2836	281.9891	223.8262	1002.7793	1085.6047	668.0785	1587.2664	757.7965	577.3193	466.843	404.9863	133.2726	324.9661	75.8182	10.1064	11.4634	28.9558	18.3519	10.0977	70.3707
PWY-6353	11090.7809	11782.5139	11272.1265	11182.0407	8158.0844	6954.3483	8389.6309	7649.5164	9440.3532	10563.3513	10581.9243	10193.7942	10235.349	8695.5128	12150.6888	13990.2479	13646.3418	13887.1188	13460.5584	14710.3892	12170.9182
PWY-6385	9708.8707	9869.6766	9626.7735	9676.622	8013.7875	7300.1865	8470.6371	9394.8192	8708.4568	9223.4224	9269.1661	8507.6536	8199.7878	8493.6581	10129.337	10733.1743	10727.7262	10657.9581	10141.0287	10166.2622	9955.1834
PWY-6386	9684.4963	9849.2767	9601.1965	9650.4905	7984.7824	7265.0571	8436.1994	9381.5106	8664.6479	9190.4371	9230.2079	8442.1039	8129.7126	8448.9401	10126.2657	10731.3904	10724.662	10653.0834	10140.2302	10168.1501	9955.3779
PWY-6387	10381.0266	10466.4972	10349.9573	10415.0959	8829.4068	8324.6493	9463.6361	9593.1222	9117.9743	9566.9231	9863.8178	9042.3222	8775.9033	9057.4054	10307.9476	10963.4095	10969.9528	10980.475	10345.2082	10354.9334	10133.4305
PWY-6467	15880.69	16247.42	15645.23	15574.89	12476.17	11616.18	13114.76	11267.93	12024.15	13069.12	13758.11	12986.14	12966.68	12205.41	15649.9	16012.97	15763.31	16450.02	15914.28	17481.19	14237.18
PWY-6505	0.0	0.0	0.0	0.0	0.0	0.0	0.0	13.8006	0.0	0.0	0.0	0.0	0.0	2.8114	0.0	0.0	0.0	0.0	0.0	0.0	0.0
PWY-6507	2361.9998	2886.3694	2921.2171	2932.2005	2462.9067	1909.9559	2330.2962	838.9166	638.4612	453.6971	401.4554	359.4214	189.8635	283.524	458.669	480.6745	394.5318	476.0891	139.4492	66.7988	197.7684
PWY-6519	5078.4973	6333.8824	6403.7723	6708.9405	6373.5397	6619.9558	7031.979	3199.3742	2526.7348	1875.4297	1615.3382	1495.4726	708.1772	1905.0508	2630.7505	5292.05	5262.7989	4246.559	3601.6723	2087.5078	4749.6754
PWY-6545	6623.0957	7818.8358	7389.0754	7453.804	4380.8574	4649.2022	5172.4248	4896.3109	7442.7148	8129.2273	8568.3345	7039.526	7406.7613	5205.0131	9116.8551	10541.6162	10340.7903	10572.3691	9998.9138	10656.1801	9192.8987
PWY-6562	0.0	0.0	0.0	0.0	0.0	0.0	0.0	478.2215	772.8728	743.2104	615.4692	1129.9108	1098.6124	915.8776	0.0	0.0	1.0513	0.2636	0.2637	0.0	0.0
PWY-6581	2105.0	3086.67	2743.0599	2820.495	1676.45	1506.9947	2011.835	451.7687	397.7969	419.2536	359.8795	1871.8135	1579.1912	2364.4481	649.0	277.0	278.5498	277.385	285.065	249.66	352.67
PWY-6588	0.0	0.0	0.0	1.2975	0.0	0.0	0.0	227.7344	229.4173	122.2259	98.0298	223.5145	84.8244	198.0477	0.0	0.0	1.7595	0.44	0.4399	0.0	0.0
PWY-6608	11929.8355	12767.1231	12258.6117	12173.4107	8032.949	6741.8518	8487.1881	10690.6638	11447.7191	13220.8435	13110.2661	11872.1932	11995.7485	9829.371	16573.0288	19727.0145	19328.4508	19252.2658	18683.9703	19936.9045	17375.9541
PWY-6609	8558.4387	8891.8962	8482.4201	8495.2441	5870.4874	4888.1856	6205.0821	8584.2007	7771.6455	8766.5463	8373.96	7751.2454	7540.7728	6944.7626	11226.8005	12565.6627	12444.3434	12050.692	11821.1914	12072.7042	11522.3952
PWY-6612	8248.1427	7580.3441	7553.6115	7476.5155	7376.6027	6794.8474	7422.6043	6496.8731	6032.6547	5971.5988	5617.8926	6813.9239	6246.9512	7579.3463	4322.8865	2139.2727	2097.7727	2138.5242	2105.0151	1908.2237	2315.3025
PWY-6628	9898.7229	9997.661	9791.5097	9809.6778	8009.5201	7409.4964	8489.8231	7058.5869	7809.7754	8374.4189	8721.3781	8070.8743	7912.3878	7845.5794	9347.493	10334.9758	10238.5411	10315.6991	9706.4276	9967.7357	9260.0605
PWY-6630	9754.9869	9937.5857	9698.0955	9728.2714	7908.0967	7316.1308	8386.2468	6525.3259	7542.5326	8084.9549	8376.4178	7655.6483	7546.6451	7318.6968	8833.092	10077.5399	9943.3605	10006.7178	9412.1103	9769.0101	8917.2993
PWY-6641	6823.174	6460.0969	6137.8475	5976.6045	5064.2369	4110.1563	5145.2097	1481.4114	1109.7694	1083.0812	915.741	1696.295	1497.1365	1313.2048	1067.6829	267.1541	301.3514	267.4966	438.0726	395.7843	528.0631
PWY-6700	10349.8475	10443.33	10332.3074	10394.23	8784.5	8295.845	9426.42	10365.1782	9356.5972	9847.4841	10032.3933	9367.884	9018.7291	9413.3466	10927.6611	11515.4216	11567.1548	11455.7879	10841.57	10626.8215	10782.9477
PWY-6703	4170.4969	3487.8526	3948.847	4160.6501	4094.287	4349.5468	5021.7377	4132.6711	4822.9957	4519.3919	4977.1263	4300.7611	4224.4656	4651.1846	2372.4242	2240.4239	2352.1751	2797.1336	1960.5843	1780.7968	1852.7015
PWY-6708	10383.6202	10492.0843	10402.592	10458.4156	8923.6475	8491.0662	9537.1223	6499.928	8495.829	8689.4636	9351.2223	9139.8804	8964.6485	9168.7835	8245.7215	9124.2329	8937.9017	9430.5447	8650.4991	9424.5859	7732.4822
PWY-6737	3776.506	4957.9718	4870.1092	4932.4061	3791.6302	4045.2301	4173.8079	3258.6715	4535.0164	5262.6626	5254.3533	3916.8596	4253.3959	2572.6578	6481.3443	7280.2072	7071.0723	7308.1932	7234.4138	8214.6012	6298.0014
PWY-6749	2309.1568	2823.0374	2863.1122	2912.7207	1747.5995	1014.5736	2015.4433	476.3471	288.4125	207.5142	209.6406	307.0294	138.2102	223.5593	121.1338	47.8767	81.635	67.1043	21.3144	12.6516	31.2788
PWY-6876	0.0	0.0	0.0	1.2975	0.0	0.0	0.0	28.3455	32.9334	39.3724	35.6848	78.2441	55.8587	78.0899	0.0	0.0	0.0	0.0	0.0	0.0	0.0
PWY-6891	129.5807	176.4989	186.9384	134.7866	1104.7236	1251.6344	575.3773	453.5903	427.2373	305.8561	222.2985	47.3522	36.5464	66.5956	43.2223	6.0661	5.2758	15.0198	10.2292	6.0649	40.6375
PWY-6892	161.5722	219.7588	232.747	168.0013	1348.5459	1521.1868	710.9366	557.5612	527.8312	378.8889	276.395	59.122	45.6414	83.122	53.9265	7.5806	6.5932	18.7646	12.78	7.5787	50.6848
PWY-6895	592.4632	769.7611	818.7797	613.677	3206.3865	3521.7258	2147.5923	1772.4323	1691.4495	1272.7919	979.0224	229.1522	177.9366	319.8855	208.208	30.1652	26.2593	74.1628	50.6091	30.0843	195.5419
PWY-6897	5596.9279	4902.0833	5306.2648	5496.1973	6101.8822	6397.2596	6712.4287	5642.6638	6060.3725	5575.2552	6104.6141	5836.523	5464.6418	6669.8578	4286.3471	4677.909	4829.167	4666.2997	3822.8629	2863.3691	4431.6206
PWY-6901	2583.8898	3049.6419	3152.8403	2675.9424	4629.4158	3567.9117	4349.3431	2165.0518	1677.5913	1302.1991	1289.9622	1687.007	913.424	1297.5824	443.4651	108.6707	95.3814	192.8721	121.8114	63.7767	206.4509
PWY-6969	11801.1898	12077.7306	11924.0186	12198.6128	10366.6182	9850.2437	11306.4677	11327.5413	10021.9676	10117.9529	10657.6409	9803.8511	9500.2	10177.5061	11701.7899	11953.4086	12079.6471	11760.0906	11276.8362	10343.681	11451.8789
PWY-7003	0.0	0.0	0.0	0.0	0.0	0.0	0.0	0.0	0.0	0.0	0.0	0.0	0.0	0.0	0.0	0.0	0.0	1.1305	0.0	0.0	0.0
PWY-7046	0.0	0.0	0.0	0.0	0.0	0.0	0.0	0.0	7.1862	1.321	6.7667	8.8973	10.6112	4.5494	0.0	0.0	0.0	1.9903	1.3243	0.0	0.0
PWY-7094	13194.262	14122.1903	13615.1414	14009.7219	11884.8488	10997.4496	12756.819	12582.2705	9563.9574	9209.9199	7713.9235	6670.3363	5883.8454	7569.4739	9640.6193	9961.3944	10285.1846	8872.2241	8336.3249	5678.8846	10157.8771
PWY-7111	23981.2962	25517.4651	24995.46	25089.8863	19016.4683	16785.7301	20630.7569	14428.7387	17703.8181	18484.5181	19347.6706	17781.0323	17515.7346	16648.7958	18591.6355	21015.0409	20613.3595	21318.7191	19692.662	21543.2595	17747.007
PWY-7159	2772.9517	3550.3753	3469.9547	3536.8259	2120.7462	1380.4512	2472.2683	1182.7838	1508.6047	1469.5134	1226.2223	3811.5418	3395.9239	4357.241	664.6825	734.9553	739.4647	715.2392	714.3948	574.619	896.7787
PWY-7184	10786.4377	10471.1183	10509.4929	10565.9176	9453.2686	8864.4849	10080.9122	8591.5799	8755.7551	8823.5465	9169.3684	8961.7525	8487.1186	9357.8043	8781.3395	8701.046	8981.7411	8717.4946	7944.3517	6495.7329	8524.8931
PWY-7187	0.0	0.0	0.0	0.0	0.0	0.0	0.0	1909.1901	3331.1279	3135.6304	2805.1389	3678.8939	3712.816	2989.6316	0.0	0.0	4.3978	1.0999	1.0998	0.0	0.0
PWY-7196	5419.1699	3312.9025	4042.5494	4023.373	5409.7585	5191.3896	5327.6299	8404.7136	6027.3889	6306.695	6787.4035	6737.436	6315.1598	7176.6638	7931.2397	8059.7971	8354.2062	8024.2129	7400.666	5806.4091	8119.2998
PWY-7197	10349.68	10443.08	10331.89	10394.23	8784.5	8295.51	9426.42	9472.93	8946.49	9377.77	9710.11	8919.8	8657.02	8918.42	10286.91	10925.475	10935.64	10939.025	10307.61	10307.19	10096.345
PWY-7199	8254.9878	8567.2235	8243.6763	8198.6439	6385.8706	5528.3541	6404.5695	8839.573	7623.917	8387.9867	8034.8857	7695.0885	7393.8559	7316.6675	9304.2368	9293.9366	9461.2475	9200.6507	8756.6423	7578.2348	9041.5842
PWY-7200	9199.794	9394.2765	9154.3401	9164.4744	7508.1494	6789.5603	7781.1827	8037.4698	7832.6134	8388.3987	8424.0666	7968.7499	7710.1964	7761.3143	9107.6835	9745.5819	9794.9381	9675.9208	9105.8109	8572.2702	9077.0092
PWY-7208	11828.2057	11934.9486	11807.8743	11879.12	10039.4286	9480.5829	10773.0514	11819.2091	10267.9954	10756.8353	11129.9595	10244.7688	9947.0062	10228.5153	12531.1658	13357.0129	13404.4047	13077.6279	12445.3851	12043.4077	12523.9409
PWY-7211	11509.7326	11394.1743	11357.0146	11417.228	9937.2563	9359.34	10625.3417	9787.1068	9650.7413	9896.7917	10267.4558	9765.5516	9352.2751	9992.0877	10262.1093	10460.031	10664.3443	10477.0488	9674.7775	8517.975	10007.6637
PWY-7219	13668.1781	13706.9472	13477.4227	13550.0366	11449.828	10757.1692	12290.2128	11282.5108	10789.7518	11279.9259	11694.7595	10754.0497	10446.6021	10718.0377	12500.5291	13191.6166	13201.9186	13188.99	12447.2839	12439.7753	12206.0115
PWY-7220	12575.5812	12627.6747	12527.2787	12609.9761	10760.111	10253.5788	11580.8803	11493.4016	10965.9456	11435.6956	11937.6535	10870.0964	10569.4688	10918.2876	12483.4171	13238.2987	13257.2471	13295.5923	12479.649	12468.3826	12213.9398
PWY-7221	11469.2289	11664.8863	11493.6923	11559.366	9720.9336	9206.4338	10426.9031	10171.387	9898.0129	10377.5277	10733.5658	9822.8646	9577.9926	9728.5254	11341.4771	12083.3583	12064.7776	12100.7401	11429.7721	11556.1993	11085.867
PWY-7222	12575.5812	12627.6747	12527.2787	12609.9761	10760.111	10253.5788	11580.8803	11493.4016	10965.9456	11435.6956	11937.6535	10870.0964	10569.4688	10918.2876	12483.4171	13238.2987	13257.2471	13295.5923	12479.649	12468.3826	12213.9398
PWY-7228	12227.5425	12378.1344	12227.2645	12301.6515	10408.4669	9892.6255	11181.8077	10934.6302	10602.2042	11087.5077	11516.6915	10506.233	10239.8295	10456.5526	12101.7604	12872.1886	12864.7473	12909.2236	12162.0247	12251.8114	11825.0685
PWY-7229	13806.2184	13836.3919	13652.4261	13733.063	11665.8688	11031.8722	12541.1486	11765.0199	11267.1678	11757.4769	12236.0639	11197.5964	10884.8901	11197.2988	12956.3231	13688.76	13703.8405	13713.6547	12910.6967	12899.3932	12650.469
PWY-7234	10312.4135	10430.828	10323.7833	10381.4742	8723.4756	8268.4418	9387.488	9475.4267	8949.4302	9381.6503	9713.715	8927.5991	8663.881	8926.3843	10286.91	10925.31	10935.64	10938.69	10307.61	10307.19	10096.18
PWY-7237	6904.0	7514.34	7037.34	6942.66	4755.34	3938.33	4911.0	2555.33	4097.67	4651.34	4863.01	3667.66	3990.33	2170.32	5754.66	6813.0	6530.11	6836.78	6657.12	7833.33	5603.67
PWY-7242	7349.5887	7379.9972	7228.4382	7088.9203	5710.6707	4660.3194	5454.0192	4130.1742	5334.2865	5914.1756	5975.1637	4818.7266	5034.129	3216.3882	6722.9222	7541.2148	7346.367	7639.5757	7428.4146	8360.8406	6474.6798
PWY-7254	274.6123	299.1247	335.1291	288.5101	315.6137	532.8613	288.3689	1269.726	1007.2103	643.2728	545.2618	596.194	261.561	1035.1087	1738.8166	191.6967	156.6817	96.5278	112.6637	71.6839	156.2968
PWY-7323	8142.5342	9255.6998	9023.5076	9140.0943	7184.8549	7101.1511	7892.5708	6643.7819	7776.1583	8072.1358	8369.7882	6510.3727	6665.988	4969.2361	8423.4236	10136.0414	9986.6747	9996.1464	9327.7137	9680.8737	8881.818
PWY-7328	651.3684	749.7434	792.3619	640.9289	2262.5488	2605.9866	1414.253	1994.2952	1750.8905	1285.8064	1050.4567	766.9707	345.6203	1335.9265	1457.4746	527.779	383.9716	491.3424	150.4895	80.4119	284.6879
PWY-7347	260.3747	247.0694	280.0747	246.4417	144.771	193.741	419.4155	596.0719	657.0012	495.7851	399.3398	326.2978	157.5251	479.748	1.0047	2.9789	0.6587	0.6584	0.1649	1.4885	0.0
PWY-7371	346.0	157.33	225.67	275.0	63.67	11.0	276.17	0.0	0.0	0.0	0.0	0.0	0.0	0.0	0.0	0.0	0.0	0.0	0.0	0.0	0.0
PWY-7376	4147.5008	5082.6245	4923.1927	4958.1387	4131.2189	3913.6067	4570.4882	1074.7344	890.0893	1029.4688	844.3372	3323.8307	3052.0027	3477.5509	46.5946	20.7436	14.2542	10.6443	107.9968	29.3986	167.0922
PWY-7392	6887.6576	7816.9198	7434.6204	7585.8786	5494.6135	4839.9648	6264.8979	8211.4735	5651.8828	6171.3624	5212.2622	7216.7109	6460.2021	7744.0273	8242.0914	7691.1702	7913.3483	7214.21	7148.6439	5527.9915	7942.292
PWY-7400	10332.492	10666.5925	10464.2398	10569.4577	8731.5984	8285.094	9454.0681	7681.6371	8377.0403	8729.7631	8895.871	7907.6464	7747.3126	7671.2613	9153.3269	9792.636	9635.6023	9802.9951	9322.8452	9877.9254	8652.0446
PWY-7431	1903.7417	909.9082	1321.6781	1194.713	1461.7672	1383.799	1555.3979	1696.6942	2969.3862	2797.0698	3759.3382	3871.2328	3866.139	3798.3907	1479.6594	3490.0013	3513.3558	3446.59	2518.4733	1928.1202	2867.6572
PWY-7539	11282.2811	11606.7088	11396.961	11421.4429	9902.9709	9460.4798	10376.0446	10182.5623	9837.2057	10338.1306	10674.9161	9808.4221	9515.3745	9792.6125	11445.21	12115.8001	12086.8991	12127.8501	11457.6473	11580.3728	11128.3538
PWY-7560	10617.0825	10806.6703	10663.134	10732.0208	8994.8448	8497.281	9674.69	9584.4785	9070.0744	9496.0284	9810.6466	9186.495	8895.7055	9221.4429	10364.8739	10949.289	10963.6929	10963.799	10343.6177	10340.4898	10140.74
PWY-7616	0.0	0.0	0.0	0.0	0.0	0.0	0.0	0.0	0.0	0.0	0.0	0.0	0.9537	3.9553	0.0	0.0	0.0	0.0	0.0	1.5611	0.0
PWY-7663	24465.4747	25318.6867	25007.2349	25219.929	19840.4036	17955.4901	21689.5707	18516.4948	20065.3215	20731.3915	21676.2722	19251.9198	18901.0469	18345.9364	21580.5421	22920.043	22762.9966	23270.6201	21949.5717	23100.2411	20510.0714
PWY-7664	16812.6003	16661.4929	16391.3468	16312.6128	13362.0431	12032.9187	13915.3709	10423.1596	13805.8583	13962.3132	15217.4371	13539.1847	13602.8921	12672.323	14229.5775	15233.6953	14969.8265	15730.4184	14599.7514	16030.8889	12959.6754
PWY-841	12048.6148	12149.0375	12005.4169	12077.5814	10228.5167	9674.6579	10981.8526	10803.5818	10362.0524	10830.634	11231.0067	10309.3409	10014.3353	10333.9779	11793.7188	12515.15	12521.0725	12539.175	11805.9338	11832.39	11539.1207
PWY0-1061	211.4532	289.0805	336.1455	244.8194	1584.4003	1771.5861	894.2349	1373.4314	1231.1831	755.2362	582.3707	621.86	269.7403	1044.2786	1828.1065	192.7975	165.5192	113.3188	125.5276	76.3207	210.0095
PWY0-1241	1530.8129	2062.5545	2176.12	2280.8673	2421.0174	2838.3668	2769.6162	3147.5479	3164.3339	2737.9658	2720.6073	1792.7453	1445.0356	2379.1323	1699.8681	1397.515	1573.6828	1636.8234	1371.0218	995.5284	1438.5809
PWY0-1261	730.1803	980.9535	1052.7445	749.2192	4296.5977	4510.3137	2684.0561	8062.9316	8237.8893	8917.0414	8177.6197	9544.8595	9167.7633	9468.4876	9791.2284	10294.384	10371.5774	10053.0567	9719.5353	8367.5035	9643.2324
PWY0-1296	8078.6686	8673.4259	8232.072	8154.353	5473.0809	4521.2769	5709.801	4576.0211	6070.5991	7031.547	7104.185	6937.2167	7010.0512	5705.8781	8902.8664	11963.8008	11594.4387	11406.0218	10907.95	11793.4044	10117.3216
PWY0-1297	7662.839	8208.4866	7758.0359	7681.3431	5304.7339	4376.3701	5488.2582	4168.9135	5425.1485	6263.7895	6274.1133	6336.1056	6336.2166	5328.4086	7820.915	9526.7528	9229.2892	9315.242	9051.9694	10004.2023	8146.2011
PWY0-1298	17.7493	17.7511	29.654	17.2009	16.0696	29.5995	20.2284	3874.8206	2243.4451	2795.5771	1907.4242	2417.1944	1732.8136	2897.3355	4868.7003	4880.4433	5108.4222	4319.6939	4417.6032	2877.2434	5303.0601
PWY0-1319	15979.7061	16389.1773	16224.9423	16285.3323	13024.7911	12024.4292	14018.0095	13654.0162	15218.9718	16249.4184	17006.5952	14945.2951	15036.6302	13685.0427	17855.1137	20255.2018	19950.7871	20273.4112	19093.6393	20219.3336	17797.3914
PWY0-1415	3181.249	3804.2058	3847.1499	3904.6062	2418.4529	1443.6445	2763.3076	1361.4985	1831.7974	1618.1445	1410.5478	2196.9543	1966.813	1562.9256	878.8902	3769.2904	3754.8801	2932.6784	2340.8831	1293.7744	3208.075
PWY0-1479	0.0	0.0	0.0	0.0	0.0	0.0	0.0	334.0526	63.5874	23.9488	31.9559	0.0	27.8883	55.7406	43.8635	0.0	8.0346	3.9588	0.0	0.0	15.9356
PWY0-1533	11797.4306	12161.9803	11662.6253	11713.0651	9324.2165	8451.1217	10253.3857	3029.8453	2788.5945	2657.2768	2308.561	6269.5999	5546.1474	7003.3299	2675.3344	870.2244	930.0171	865.2848	1046.0359	844.6242	1213.2611
PWY0-1586	363.7146	336.3338	363.3104	299.622	1173.3668	1469.1782	679.1612	7558.4206	3041.3013	3800.5102	2591.0167	2723.9246	1913.7018	3780.0616	5699.5806	5339.1177	5674.0965	4703.9644	4839.1963	3026.8115	6223.5286
PWY0-162	12412.9503	12527.2282	12394.1069	12469.246	10513.3239	9927.5476	11296.8573	11369.1331	10749.5244	11267.2785	11664.3299	10727.7465	10413.8367	10718.608	12343.5662	13110.402	13122.6976	13126.5303	12368.9656	12368.5268	12114.8507
PWY0-166	10139.8937	9929.0541	9930.5136	9981.1507	8800.2001	8237.2235	9395.6686	8118.7286	8190.02	8287.7612	8663.9844	8370.2068	7993.3462	8635.4975	8251.763	8431.8978	8647.3561	8440.963	7698.5171	6481.3211	8106.971
PWY0-42	587.5841	300.0622	418.2234	478.2942	900.7245	971.1735	566.7662	528.6242	471.8739	302.6401	230.2406	238.8953	95.2239	409.4095	479.4669	53.025	44.2046	35.8398	46.5103	25.6184	94.3665
PWY0-781	9407.0841	9588.6892	9588.4341	9612.8841	8020.894	7405.0323	8383.2055	6012.5978	7683.0118	7725.1234	8677.0067	7790.4301	7738.0562	7471.8998	7145.7958	9101.9384	9093.0549	9168.7581	7841.9176	7159.2719	7880.4222
PWY0-845	1107.9349	1465.4529	1623.4958	1290.994	3950.3313	4019.7451	3290.5411	1476.1091	2316.151	1803.5211	1822.359	2282.078	1089.2011	2584.1652	1581.0541	2011.365	2137.4879	2566.6819	1751.6259	1504.3079	1561.4797
PWY0-862	15705.8408	15454.1443	15218.6744	15123.1055	12450.4877	11194.975	12907.1432	9475.412	12811.7196	12918.4003	14190.826	12669.0726	12754.9756	11849.0506	13136.3893	14112.1839	13851.4033	14605.9793	13511.462	14900.8944	11931.322
PWY4FS-7	12018.2012	11838.2694	11364.3921	11374.7922	9570.5474	9090.8307	9958.8956	7169.5784	9738.4334	10360.7557	11334.1526	10640.9304	10631.0448	9981.0995	11438.5853	14522.0819	14320.8465	14305.1467	13140.6864	13536.2658	12595.1787
PWY4FS-8	12018.2012	11838.2694	11364.3921	11374.7922	9570.5474	9090.8307	9958.8956	7169.5784	9738.4334	10360.7557	11334.1526	10640.9304	10631.0448	9981.0995	11438.5853	14522.0819	14320.8465	14305.1467	13140.6864	13536.2658	12595.1787
PWYG-321	17513.384	17360.1142	17074.7813	16991.7768	13907.4074	12529.0945	14482.9622	10779.3804	14355.0233	14527.1132	15867.3787	14078.0329	14165.9606	13129.7462	14833.541	15950.1601	15663.776	16469.9949	15272.9019	16798.6407	13536.8284
PYRIDNUCSAL-PWY	8564.5558	8744.4775	8390.4383	8349.0942	6704.592	6134.9571	6933.464	4559.2738	6272.8283	6925.6366	7359.5932	6876.6649	6898.2525	6312.7807	7953.116	9301.7572	9159.9063	9383.0587	8785.5777	9364.8676	8006.0168
PYRIDNUCSYN-PWY	5912.3101	5832.36	6162.6227	6352.0773	5908.6697	5721.091	6547.7295	8113.7415	6316.2228	6262.175	6252.8791	6626.1833	6047.5644	7354.2055	5791.0976	5323.2588	5628.4212	5330.9335	4825.5996	3520.8879	5603.6779
PYRIDOXSYN-PWY	549.413	762.8133	850.8678	643.7164	3395.0147	3595.4426	2178.2684	2326.2103	2170.4424	1504.0652	1165.4786	1590.1297	569.4003	2064.9768	3628.04	6607.755	6553.3516	5621.2676	4837.3638	3123.1022	5899.5009
REDCITCYC	6141.1931	7575.6612	7655.8446	8158.2052	6750.752	7181.3169	8362.8945	11172.3591	5576.9222	6656.2276	4806.1306	5881.9218	4361.8448	7138.7933	10148.0279	9669.4635	10057.6302	8961.4456	8966.4142	6403.5005	10245.9767
RHAMCAT-PWY	555.7524	290.0017	401.6876	475.8698	116.5105	21.6399	386.8669	0.0	0.0	0.0	0.0	0.0	0.0	0.0	0.0	0.0	0.0	0.0	0.0	0.0	0.0
RIBOSYN2-PWY	11269.431	11298.1913	11137.5905	11191.1861	9507.792	8969.5044	10176.4566	9700.1564	9273.4315	9690.491	10058.2878	9287.5593	9031.6846	9250.9865	10625.0609	11173.9693	11188.5167	11208.1582	10566.5782	10565.6317	10342.6435
RUMP-PWY	2914.7854	3430.3435	3475.588	3509.6097	2144.6822	1483.2853	2407.7907	1385.5247	931.4989	815.4834	723.3786	480.1005	247.3078	411.7838	181.8098	77.5533	121.8625	101.2367	31.9282	21.9545	46.8157
SALVADEHYPOX-PWY	12708.4627	13692.5229	13122.3415	13003.8722	9104.9708	7906.2745	9076.8185	10905.6661	12481.7339	14299.4758	14240.3532	12697.6126	12928.7662	10372.7307	17391.2024	20848.2457	20351.2111	20438.212	19809.8143	21456.4426	18121.2618
SER-GLYSYN-PWY	13719.4932	14440.1501	14275.6745	14363.9624	11338.325	10850.9836	12367.8883	12436.8821	13200.2107	14007.1655	14464.7268	13487.6405	13428.7348	12424.7584	15147.1579	15181.9077	15302.7097	15452.914	14726.0733	14630.7762	14353.676
SO4ASSIM-PWY	10246.996	10959.4838	10670.6211	10779.6078	9037.0546	8687.7329	9637.212	9059.9732	9810.6438	10083.5303	9815.0041	8824.5509	8535.9156	8652.8616	8983.9426	9724.8845	9609.3899	9941.9181	9236.2128	9815.2844	8455.3396
SUCSYN-PWY	571.548	576.1741	638.5062	548.2091	441.6774	581.1407	995.0269	1406.3591	1426.6588	1080.4934	879.1151	695.9799	331.1263	1071.3378	3.3459	9.7209	2.1829	2.1782	0.549	4.8486	0.0
SULFATE-CYS-PWY	11806.0763	12369.0911	12161.1643	12283.1793	10319.8161	9920.4702	11107.5715	10428.6786	10789.2336	11167.9098	11221.2276	10249.9113	9964.238	10028.1682	10855.1379	11551.9014	11488.7762	11743.7096	10993.8933	11383.5384	10335.6707
TCA	14138.4075	14606.9634	14262.9031	14347.3646	12067.35	11316.1915	12872.9935	11961.525	11489.7486	11933.77	12236.7122	11785.7372	11385.3593	11683.5287	12789.6704	13236.5578	13271.609	13257.3196	12567.5957	12541.2871	12360.0179
TCA-GLYOX-BYPASS	8247.6294	7408.2838	7795.9767	7840.4418	7675.9751	6835.9415	7855.5299	5852.0048	7405.2353	6925.8537	7931.9261	6452.0506	6331.3986	6832.1763	4502.4531	4277.8253	4461.4501	5194.7736	3793.4584	3657.3159	3536.6301
THISYN-PWY	723.4503	929.3322	989.3537	748.4125	3582.3716	3911.7981	2504.0141	2074.7966	1992.0559	1515.998	1182.9583	283.8423	220.7765	395.4101	257.44	37.6451	32.7796	92.3668	63.0641	37.519	241.6397
THRESYN-PWY	10968.1609	10926.1079	10881.1829	10935.3686	9323.4086	8830.5776	9959.62	10896.3105	9936.3328	10453.9299	10796.5809	10079.859	9718.1391	10044.8994	11899.8608	13245.7103	13264.034	13014.8696	12192.0658	11820.19	12245.5646
TRNA-CHARGING-PWY	4186.879	2933.9318	3342.6214	3511.1446	4833.5734	4733.2875	4600.2401	9281.7025	6642.3015	7163.3813	6039.9106	6196.1512	4988.222	7141.764	9116.5006	9174.0719	9389.9058	8737.8232	8522.3023	6817.8112	9148.8869
TRPSYN-PWY	11438.0386	11506.1571	11385.1893	11455.6609	9701.8751	9183.605	10418.8616	10495.9186	9896.6161	10381.9941	10756.6257	9861.9441	9571.1613	9873.8012	11426.0421	12137.9344	12148.1073	12152.3427	11452.1725	11452.0425	11217.276
TYRFUMCAT-PWY	7504.2782	7670.8162	7256.7425	7115.4476	5423.724	4767.3733	5446.7301	4472.5926	5720.7006	6557.0593	6801.6794	6406.096	6430.8337	5918.4711	7685.7453	8803.5603	8618.0489	8834.7443	8497.9531	9204.612	7696.8752
UBISYN-PWY	8525.6052	8270.7967	8714.5257	8791.5835	8124.6856	8164.7312	8868.0719	5931.4405	7865.3469	7392.0346	8569.9451	7348.8661	7378.4276	7697.5948	5473.5834	5289.1936	5461.467	6286.7856	4716.665	4517.8691	4288.7197
UDPNAGSYN-PWY	10418.1185	10475.0031	10377.6482	10449.4816	8798.4515	8299.28	9482.0286	6228.3357	8295.3244	8476.2162	9201.9704	8222.128	8251.6654	7873.4852	8170.4044	9040.265	8875.812	9352.1199	8626.9614	9414.161	7691.6405
VALSYN-PWY	24613.0817	26129.455	25433.4917	25467.7734	19386.5364	17265.1034	20873.6951	17169.6371	18453.6053	19709.0859	20330.881	18833.3321	18530.0969	17558.9976	21780.0471	23707.4695	23366.2508	23792.9436	22578.4694	24061.245	20971.5264
